,algorithm,run_id,race,Count,Selection_rate,Accuracy,TPR,TNR,FPR,FNR
8,Corr. Remover,0,Black,1368,0.13523391812865498,0.8823099415204678,0.5740740740740741,0.9237147595356551,0.07628524046434494,0.42592592592592593
9,Corr. Remover,0,Other,13285,0.18148287542340985,0.8236356793375988,0.5101674641148325,0.9290815813298461,0.0709184186701539,0.48983253588516745
36,Corr. Remover,1,Black,1412,0.14022662889518414,0.8859773371104815,0.6149068322981367,0.920863309352518,0.07913669064748201,0.38509316770186336
37,Corr. Remover,1,Other,13241,0.17823427233592629,0.8239558945698965,0.5043348281016442,0.9319927243330639,0.06800727566693614,0.49566517189835574
64,Corr. Remover,2,Black,1400,0.13071428571428573,0.9,0.6387096774193548,0.9325301204819277,0.06746987951807229,0.36129032258064514
65,Corr. Remover,2,Other,13253,0.17958198143816495,0.8188334716667924,0.4968666069829902,0.9277923651787517,0.07220763482124823,0.5031333930170099
92,Corr. Remover,3,Black,1397,0.13027916964924838,0.8854688618468146,0.563953488372093,0.9306122448979591,0.06938775510204082,0.436046511627907
93,Corr. Remover,3,Other,13256,0.17840977670488836,0.8202323476161738,0.4973005398920216,0.9287442047974199,0.07125579520258013,0.5026994601079784
120,Corr. Remover,4,Black,1408,0.14701704545454544,0.8707386363636364,0.5714285714285714,0.9132197891321979,0.0867802108678021,0.42857142857142855
121,Corr. Remover,4,Other,13245,0.1820309550773877,0.8221215553038883,0.5082557790453317,0.9275771636070204,0.07242283639297963,0.49174422095466824
148,Corr. Remover,5,Black,1392,0.15086206896551724,0.8706896551724138,0.5806451612903226,0.9154228855721394,0.0845771144278607,0.41935483870967744
149,Corr. Remover,5,Other,13261,0.17540155342734334,0.8230902646859212,0.49698795180722893,0.93199879287798,0.06800120712201992,0.5030120481927711
176,Corr. Remover,6,Black,1400,0.16,0.88,0.6728395061728395,0.907108239095315,0.09289176090468497,0.3271604938271605
177,Corr. Remover,6,Other,13253,0.1709047008224553,0.8156643778767072,0.47338516746411485,0.9311736804924816,0.06882631950751841,0.5266148325358851
204,Corr. Remover,7,Black,1368,0.08333333333333333,0.8910818713450293,0.391304347826087,0.9577464788732394,0.04225352112676056,0.6086956521739131
205,Corr. Remover,7,Other,13285,0.19028980052691005,0.8218291305984192,0.5240657698056801,0.9220321931589537,0.07796780684104627,0.4759342301943199
232,Corr. Remover,8,Black,1476,0.13008130081300814,0.8705962059620597,0.503030303030303,0.9168573607932876,0.08314263920671243,0.49696969696969695
233,Corr. Remover,8,Other,13177,0.18403278439705548,0.8213553919708583,0.5106255612092188,0.9269011793411956,0.0730988206588044,0.4893744387907812
260,Corr. Remover,9,Black,1399,0.14939242315939957,0.8849177984274482,0.6428571428571429,0.9179528838342811,0.08204711616571893,0.35714285714285715
261,Corr. Remover,9,Other,13254,0.17624867964388108,0.8223932397766712,0.49730377471539844,0.9318273497377975,0.0681726502622025,0.5026962252846016
10,DI Remover,0,Black,1368,0.10160818713450293,0.89546783625731,0.4876543209876543,0.9502487562189055,0.04975124378109453,0.5123456790123457
11,DI Remover,0,Other,13285,0.2042152803914189,0.8281520511855476,0.5642942583732058,0.9169097676290112,0.08309023237098884,0.43570574162679426
38,DI Remover,1,Black,1412,0.08852691218130311,0.9022662889518414,0.45962732919254656,0.9592326139088729,0.0407673860911271,0.5403726708074534
39,DI Remover,1,Other,13241,0.20300581527074996,0.8278830904010271,0.561136023916293,0.9180476960388035,0.08195230396119645,0.43886397608370703
66,DI Remover,2,Black,1400,0.08714285714285715,0.9207142857142857,0.535483870967742,0.9686746987951808,0.03132530120481928,0.4645161290322581
67,DI Remover,2,Other,13253,0.19806836188032897,0.826454387685807,0.5484929871680095,0.9205211068471016,0.07947889315289841,0.45150701283199046
94,DI Remover,3,Black,1397,0.10093056549749463,0.901932712956335,0.5116279069767442,0.9567346938775511,0.04326530612244898,0.4883720930232558
95,DI Remover,3,Other,13256,0.20164453832226917,0.8224954737477369,0.5479904019196161,0.9147349324732916,0.08526506752670833,0.45200959808038393
122,DI Remover,4,Black,1408,0.10724431818181818,0.8934659090909091,0.5028571428571429,0.948905109489051,0.051094890510948905,0.49714285714285716
123,DI Remover,4,Other,13245,0.20973952434881088,0.8302000755001887,0.5794055839087361,0.9144643937865644,0.08553560621343555,0.4205944160912639
150,DI Remover,5,Black,1392,0.09410919540229885,0.8958333333333334,0.46236559139784944,0.9626865671641791,0.03731343283582089,0.5376344086021505
151,DI Remover,5,Other,13261,0.18384737199306236,0.8262574466480658,0.5201807228915662,0.9284780203198874,0.07152197968011266,0.47981927710843375
178,DI Remover,6,Black,1400,0.08857142857142856,0.9128571428571428,0.5061728395061729,0.9660743134087237,0.033925686591276254,0.49382716049382713
179,DI Remover,6,Other,13253,0.1973138157398325,0.8210971100882819,0.5364832535885168,0.9171460288626501,0.08285397113734988,0.46351674641148327
206,DI Remover,7,Black,1368,0.08845029239766082,0.9005847953216374,0.453416149068323,0.9602319801159901,0.03976801988400994,0.546583850931677
207,DI Remover,7,Other,13285,0.21512984569062854,0.8231840421528039,0.576083707025411,0.9063380281690141,0.09366197183098592,0.42391629297458894
234,DI Remover,8,Black,1476,0.09552845528455285,0.8956639566395664,0.46060606060606063,0.950419527078566,0.04958047292143402,0.5393939393939394
235,DI Remover,8,Other,13177,0.21416103817257343,0.8261364498747819,0.5794672253816223,0.9099227328182188,0.09007726718178122,0.42053277461837774
262,DI Remover,9,Black,1399,0.09649749821300929,0.906361686919228,0.5119047619047619,0.9601949634443542,0.039805036555645816,0.4880952380952381
263,DI Remover,9,Other,13254,0.18809416025350836,0.8254866455409687,0.5269622528460156,0.9259782170229931,0.07402178297700686,0.47303774715398444
20,DI Score LR,0,Black,1368,0.2097953216374269,0.8589181286549707,0.7901234567901234,0.8681592039800995,0.1318407960199005,0.20987654320987653
21,DI Score LR,0,Other,13285,0.20398946179902144,0.8276251411366202,0.562799043062201,0.9167085806256916,0.08329141937430842,0.43720095693779903
48,DI Score LR,1,Black,1412,0.19192634560906516,0.8668555240793201,0.7577639751552795,0.8808952837729817,0.11910471622701839,0.2422360248447205
49,DI Score LR,1,Other,13241,0.20172192432595726,0.8288648893588098,0.5605381165919282,0.9195634599838318,0.08043654001616815,0.43946188340807174
76,DI Score LR,2,Black,1400,0.185,0.8771428571428571,0.7806451612903226,0.8891566265060241,0.1108433734939759,0.21935483870967742
77,DI Score LR,2,Other,13253,0.20244472949520864,0.8260016600015091,0.5562518651148911,0.9172894364774793,0.08271056352252071,0.44374813488510895
104,DI Score LR,3,Black,1397,0.21617752326413744,0.8625626342161775,0.8197674418604651,0.8685714285714285,0.13142857142857142,0.18023255813953487
105,DI Score LR,3,Other,13256,0.1986270368135184,0.8229480989740495,0.5428914217156569,0.9170530135053416,0.08294698649465833,0.45710857828434315
132,DI Score LR,4,Black,1408,0.21946022727272727,0.8565340909090909,0.8057142857142857,0.8637469586374696,0.1362530413625304,0.19428571428571428
133,DI Score LR,4,Other,13245,0.20596451491128728,0.8315590788976972,0.5746022215550886,0.9178938874319145,0.08210611256808553,0.42539777844491145
160,DI Score LR,5,Black,1392,0.22988505747126436,0.8491379310344828,0.7956989247311828,0.857379767827529,0.14262023217247097,0.20430107526881722
161,DI Score LR,5,Other,13261,0.1994570545207752,0.8263328557424026,0.5515060240963855,0.9181168896489287,0.08188311035107132,0.44849397590361445
188,DI Score LR,6,Black,1400,0.19642857142857142,0.8678571428571429,0.7777777777777778,0.8796445880452343,0.12035541195476575,0.2222222222222222
189,DI Score LR,6,Other,13253,0.20153927412661285,0.8218516562287784,0.5463516746411483,0.9148249066505197,0.08517509334948027,0.4536483253588517
216,DI Score LR,7,Black,1368,0.19371345029239767,0.8669590643274854,0.7577639751552795,0.8815244407622204,0.11847555923777962,0.2422360248447205
217,DI Score LR,7,Other,13285,0.20940910801656004,0.8258938652615732,0.5701046337817638,0.9119718309859155,0.0880281690140845,0.42989536621823615
244,DI Score LR,8,Black,1476,0.19986449864498645,0.8495934959349594,0.7212121212121212,0.8657513348588863,0.13424866514111367,0.2787878787878788
245,DI Score LR,8,Other,13177,0.20953175988464748,0.8272747969947636,0.5725830589643819,0.9137860919072793,0.08621390809272061,0.42741694103561806
272,DI Score LR,9,Black,1399,0.2137240886347391,0.8634739099356683,0.8214285714285714,0.8692120227457352,0.13078797725426483,0.17857142857142858
273,DI Score LR,9,Other,13254,0.20152406820582466,0.8271465218047382,0.5569203115638106,0.918112141992739,0.08188785800726099,0.44307968843618933
22,DI Score SVM,0,Black,1368,0.3084795321637427,0.7894736842105263,0.9135802469135802,0.7728026533996684,0.22719734660033167,0.08641975308641975
23,DI Score SVM,0,Other,13285,0.3147911178020324,0.794655626646594,0.7174043062200957,0.8206417865405895,0.17935821345941053,0.2825956937799043
50,DI Score SVM,1,Black,1412,0.2776203966005666,0.8052407932011332,0.8633540372670807,0.7977617905675459,0.20223820943245405,0.13664596273291926
51,DI Score SVM,1,Other,13241,0.31243863756513857,0.7980515066837852,0.7186846038863977,0.8248787388843978,0.17512126111560225,0.2813153961136024
78,DI Score SVM,2,Black,1400,0.2857142857142857,0.7864285714285715,0.8258064516129032,0.7815261044176707,0.21847389558232932,0.17419354838709677
79,DI Score SVM,2,Other,13253,0.3091375537614125,0.7935561759601599,0.7030737093404954,0.8241769339527368,0.17582306604726317,0.2969262906595046
106,DI Score SVM,3,Black,1397,0.3049391553328561,0.7924123120973514,0.8953488372093024,0.7779591836734694,0.2220408163265306,0.10465116279069768
107,DI Score SVM,3,Other,13256,0.3062009656004828,0.7953379601689801,0.7018596280743852,0.8267486393872203,0.17325136061277968,0.2981403719256149
134,DI Score SVM,4,Black,1408,0.3103693181818182,0.7855113636363636,0.8857142857142857,0.7712895377128953,0.22871046228710462,0.11428571428571428
135,DI Score SVM,4,Other,13245,0.31174027935069837,0.8018875047187618,0.7259081356949865,0.8274157756707686,0.1725842243292314,0.27409186430501353
162,DI Score SVM,5,Black,1392,0.30387931034482757,0.7938218390804598,0.8655913978494624,0.7827529021558872,0.21724709784411278,0.13440860215053763
163,DI Score SVM,5,Other,13261,0.3073674685167031,0.7959429907246814,0.7063253012048193,0.8258726486268987,0.17412735137310129,0.2936746987951807
190,DI Score SVM,6,Black,1400,0.2735714285714286,0.805,0.8395061728395061,0.8004846526655897,0.19951534733441034,0.16049382716049382
191,DI Score SVM,6,Other,13253,0.3122311929374481,0.7896325360295782,0.7018540669856459,0.8192552225249773,0.1807447774750227,0.29814593301435405
218,DI Score SVM,7,Black,1368,0.2843567251461988,0.7982456140350878,0.8509316770186336,0.7912178956089478,0.2087821043910522,0.14906832298136646
219,DI Score SVM,7,Other,13285,0.31990967256304104,0.7938276251411366,0.7258594917787743,0.8167002012072435,0.18329979879275654,0.2741405082212257
246,DI Score SVM,8,Black,1476,0.28523035230352306,0.7926829268292683,0.8484848484848485,0.7856598016781083,0.2143401983218917,0.15151515151515152
247,DI Score SVM,8,Other,13177,0.31843363436290506,0.7921378158913258,0.718048488476504,0.8173037820252135,0.1826962179747865,0.28195151152349596
274,DI Score SVM,9,Black,1399,0.2916368834882059,0.8070050035739814,0.9107142857142857,0.7928513403736799,0.20714865962632006,0.08928571428571429
275,DI Score SVM,9,Other,13254,0.3131130224837785,0.7955334238720386,0.7156980227681247,0.8224082291246471,0.17759177087535297,0.2843019772318754
24,Equal. Oppor. DP,0,Black,1368,0.20833333333333334,0.8589181286549707,0.7839506172839507,0.8689883913764511,0.1310116086235489,0.21604938271604937
25,Equal. Oppor. DP,0,Other,13285,0.2038389160707565,0.8276251411366202,0.5625,0.9168091741273514,0.08319082587264863,0.4375
52,Equal. Oppor. DP,1,Black,1412,0.18696883852691218,0.8675637393767706,0.7391304347826086,0.8840927258193445,0.11590727418065548,0.2608695652173913
53,Equal. Oppor. DP,1,Other,13241,0.20194849331621478,0.8287893663620572,0.5608370702541106,0.9193613581244947,0.08063864187550525,0.4391629297458894
80,Equal. Oppor. DP,2,Black,1400,0.18,0.875,0.7483870967741936,0.8907630522088353,0.10923694779116466,0.25161290322580643
81,Equal. Oppor. DP,2,Other,13253,0.20289745717950652,0.8256998415453105,0.5565502834974635,0.9167844879822258,0.08321551201777419,0.44344971650253656
108,Equal. Oppor. DP,3,Black,1397,0.21045096635647817,0.8625626342161775,0.7965116279069767,0.8718367346938776,0.12816326530612246,0.20348837209302326
109,Equal. Oppor. DP,3,Other,13256,0.1979480989740495,0.8225709112854557,0.5407918416316737,0.9172545857689982,0.08274541423100182,0.45920815836832635
136,Equal. Oppor. DP,4,Black,1408,0.21306818181818182,0.8586647727272727,0.7885714285714286,0.8686131386861314,0.13138686131386862,0.21142857142857144
137,Equal. Oppor. DP,4,Other,13245,0.20588901472253682,0.8314835787089467,0.5743020114079855,0.9178938874319145,0.08210611256808553,0.4256979885920144
164,Equal. Oppor. DP,5,Black,1392,0.22988505747126436,0.8491379310344828,0.7956989247311828,0.857379767827529,0.14262023217247097,0.20430107526881722
165,Equal. Oppor. DP,5,Other,13261,0.19938164542643844,0.8264082648367393,0.5515060240963855,0.9182174831505885,0.08178251684941153,0.44849397590361445
192,Equal. Oppor. DP,6,Black,1400,0.18857142857142858,0.8657142857142858,0.7345679012345679,0.882875605815832,0.11712439418416801,0.2654320987654321
193,Equal. Oppor. DP,6,Other,13253,0.2016147287406625,0.8216252923866294,0.5460526315789473,0.9146230699364214,0.08537693006357856,0.45394736842105265
220,Equal. Oppor. DP,7,Black,1368,0.18640350877192982,0.868421052631579,0.7329192546583851,0.8864954432477217,0.11350455675227837,0.2670807453416149
221,Equal. Oppor. DP,7,Other,13285,0.20940910801656004,0.8258938652615732,0.5701046337817638,0.9119718309859155,0.0880281690140845,0.42989536621823615
248,Equal. Oppor. DP,8,Black,1476,0.1910569105691057,0.8489159891598916,0.6787878787878788,0.8703279938977879,0.12967200610221205,0.3212121212121212
249,Equal. Oppor. DP,8,Other,13177,0.20953175988464748,0.8272747969947636,0.5725830589643819,0.9137860919072793,0.08621390809272061,0.42741694103561806
276,Equal. Oppor. DP,9,Black,1399,0.19871336669049322,0.8699070764832023,0.7857142857142857,0.8813972380178716,0.11860276198212835,0.21428571428571427
277,Equal. Oppor. DP,9,Other,13254,0.2031839444695941,0.8265429304360947,0.5590173756740563,0.9165994352561517,0.08340056474384833,0.4409826243259437
26,Equal. Oppor. EO,0,Black,1368,0.20029239766081872,0.8128654970760234,0.5555555555555556,0.8474295190713101,0.15257048092868988,0.4444444444444444
27,Equal. Oppor. EO,0,Other,13285,0.2042152803914189,0.8273993225442228,0.562799043062201,0.9164068001207122,0.0835931998792878,0.43720095693779903
54,Equal. Oppor. EO,1,Black,1412,0.18767705382436262,0.8371104815864022,0.6086956521739131,0.8665067945643485,0.1334932054356515,0.391304347826087
55,Equal. Oppor. EO,1,Other,13241,0.20232610829997735,0.8284117513782947,0.5608370702541106,0.918856103476152,0.08114389652384801,0.4391629297458894
82,Equal. Oppor. EO,2,Black,1400,0.18857142857142858,0.8321428571428572,0.5935483870967742,0.8618473895582329,0.13815261044176708,0.4064516129032258
83,Equal. Oppor. EO,2,Other,13253,0.20206745642496038,0.8259262053874594,0.555356609967174,0.9174914158755807,0.0825085841244193,0.44464339003282605
110,Equal. Oppor. EO,3,Black,1397,0.21832498210450965,0.8045812455261274,0.5930232558139535,0.8342857142857143,0.1657142857142857,0.4069767441860465
111,Equal. Oppor. EO,3,Other,13256,0.1988533494266747,0.8227217863608932,0.5428914217156569,0.9167506551098569,0.08324934489014311,0.45710857828434315
138,Equal. Oppor. EO,4,Black,1408,0.23082386363636365,0.796875,0.6114285714285714,0.8231954582319546,0.17680454176804541,0.38857142857142857
139,Equal. Oppor. EO,4,Other,13245,0.20619101547753868,0.8313325783314458,0.5746022215550886,0.9175912850514424,0.0824087149485576,0.42539777844491145
166,Equal. Oppor. EO,5,Black,1392,0.23204022988505746,0.7852011494252874,0.5645161290322581,0.8192371475953566,0.18076285240464346,0.43548387096774194
167,Equal. Oppor. EO,5,Other,13261,0.19938164542643844,0.8264082648367393,0.5515060240963855,0.9182174831505885,0.08178251684941153,0.44849397590361445
194,Equal. Oppor. EO,6,Black,1400,0.18285714285714286,0.8285714285714286,0.5493827160493827,0.8651050080775444,0.13489499192245558,0.4506172839506173
195,Equal. Oppor. EO,6,Other,13253,0.20138836489851356,0.8217007470006791,0.5457535885167464,0.9148249066505197,0.08517509334948027,0.45424641148325356
222,Equal. Oppor. EO,7,Black,1368,0.18640350877192982,0.827485380116959,0.5590062111801242,0.8632974316487159,0.13670256835128416,0.4409937888198758
223,Equal. Oppor. EO,7,Other,13285,0.20971019947308994,0.8257433195333083,0.5704035874439461,0.9116700201207244,0.08832997987927566,0.4295964125560538
250,Equal. Oppor. EO,8,Black,1476,0.17818428184281843,0.8130081300813008,0.46060606060606063,0.8573607932875668,0.14263920671243327,0.5393939393939394
251,Equal. Oppor. EO,8,Other,13177,0.20960764969264628,0.8273506868027624,0.5728823705477402,0.9137860919072793,0.08621390809272061,0.4271176294522598
278,Equal. Oppor. EO,9,Black,1399,0.18942101501072195,0.8248749106504646,0.5595238095238095,0.8610885458976442,0.1389114541023558,0.44047619047619047
279,Equal. Oppor. EO,9,Other,13254,0.2027312509431115,0.8262411347517731,0.5575194727381666,0.9167002823719241,0.08329971762807584,0.44248052726183346
16,Exp. Grad. DP,0,Black,1368,0.14985380116959066,0.8238304093567251,0.3888888888888889,0.8822553897180763,0.11774461028192372,0.6111111111111112
17,Exp. Grad. DP,0,Other,13285,0.15589010161836658,0.7990967256304102,0.4105861244019139,0.9297857358414646,0.07021426415853536,0.5894138755980861
44,Exp. Grad. DP,1,Black,1412,0.14022662889518414,0.8378186968838527,0.40372670807453415,0.8936850519584333,0.10631494804156674,0.5962732919254659
45,Exp. Grad. DP,1,Other,13241,0.15572841930367798,0.8035646854467186,0.4194319880418535,0.9334074373484236,0.0665925626515764,0.5805680119581464
72,Exp. Grad. DP,2,Black,1400,0.14785714285714285,0.84,0.44516129032258067,0.8891566265060241,0.1108433734939759,0.5548387096774193
73,Exp. Grad. DP,2,Other,13253,0.1624537840488946,0.799139817399834,0.42405252163533275,0.9260755402948899,0.07392445970511008,0.5759474783646673
100,Exp. Grad. DP,3,Black,1397,0.12455261274158912,0.851109520400859,0.4011627906976744,0.9142857142857143,0.08571428571428572,0.5988372093023255
101,Exp. Grad. DP,3,Other,13256,0.14370850935425467,0.8004677127338564,0.3890221955608878,0.9387220318484176,0.06127796815158234,0.6109778044391122
128,Exp. Grad. DP,4,Black,1408,0.1377840909090909,0.8259943181818182,0.35428571428571426,0.8929440389294404,0.1070559610705596,0.6457142857142857
129,Exp. Grad. DP,4,Other,13245,0.1589278973197433,0.8021895054737637,0.4226958871209847,0.9296953802703248,0.07030461972967521,0.5773041128790153
156,Exp. Grad. DP,5,Black,1392,0.14511494252873564,0.8390804597701149,0.44086021505376344,0.900497512437811,0.09950248756218906,0.5591397849462365
157,Exp. Grad. DP,5,Other,13261,0.15549355252243421,0.8019757182716235,0.4150602409638554,0.9311940448647017,0.06880595513529826,0.5849397590361446
184,Exp. Grad. DP,6,Black,1400,0.12785714285714286,0.8507142857142858,0.4074074074074074,0.9087237479806138,0.0912762520193861,0.5925925925925926
185,Exp. Grad. DP,6,Other,13253,0.1560401418546744,0.7947634497849544,0.40251196172248804,0.9271369462105157,0.07286305378948431,0.597488038277512
212,Exp. Grad. DP,7,Black,1368,0.1301169590643275,0.8326023391812866,0.3416149068322981,0.8980944490472246,0.10190555095277548,0.6583850931677019
213,Exp. Grad. DP,7,Other,13285,0.1668799397817087,0.8033872788859616,0.44095665171898357,0.9253521126760563,0.07464788732394366,0.5590433482810164
240,Exp. Grad. DP,8,Black,1476,0.1497289972899729,0.8265582655826558,0.3939393939393939,0.8810068649885584,0.11899313501144165,0.6060606060606061
241,Exp. Grad. DP,8,Other,13177,0.1673370266373226,0.8004098049631935,0.43639628853636636,0.9240544936966246,0.07594550630337536,0.5636037114636336
268,Exp. Grad. DP,9,Black,1399,0.1529664045746962,0.8270192994996426,0.4166666666666667,0.8830219333874898,0.11697806661251016,0.5833333333333334
269,Exp. Grad. DP,9,Other,13254,0.1458427644484684,0.7981741361098537,0.38885560215698023,0.9359620814844696,0.06403791851553045,0.6111443978430198
18,Exp. Grad. EO,0,Black,1368,0.15935672514619884,0.8245614035087719,0.43209876543209874,0.8772802653399668,0.12271973466003316,0.5679012345679012
19,Exp. Grad. EO,0,Other,13285,0.16334211516748212,0.7993225442228077,0.4258373205741627,0.9249572477617946,0.07504275223820542,0.5741626794258373
46,Exp. Grad. EO,1,Black,1412,0.14943342776203966,0.8413597733711048,0.45962732919254656,0.8904876099120703,0.10951239008792965,0.5403726708074534
47,Exp. Grad. EO,1,Other,13241,0.16305414998867154,0.7995619666188354,0.4260089686098655,0.9258286176232822,0.07417138237671786,0.5739910313901345
74,Exp. Grad. EO,2,Black,1400,0.14857142857142858,0.8421428571428572,0.45806451612903226,0.8899598393574297,0.11004016064257029,0.5419354838709678
75,Exp. Grad. EO,2,Other,13253,0.1701501546819588,0.7973289066626424,0.43569083855565505,0.919713189254696,0.08028681074530399,0.564309161444345
102,Exp. Grad. EO,3,Black,1397,0.15819613457408732,0.8360773085182533,0.47674418604651164,0.8865306122448979,0.11346938775510204,0.5232558139534884
103,Exp. Grad. EO,3,Other,13256,0.16626433313216657,0.7957151478575739,0.42441511697660467,0.9204797419875025,0.07952025801249749,0.5755848830233953
130,Exp. Grad. EO,4,Black,1408,0.1455965909090909,0.8409090909090909,0.44571428571428573,0.8969991889699919,0.1030008110300081,0.5542857142857143
131,Exp. Grad. EO,4,Other,13245,0.16987542468856173,0.8019630049075123,0.4440108075652957,0.9222311882186807,0.07776881178131935,0.5559891924347042
158,Exp. Grad. EO,5,Black,1392,0.14511494252873564,0.8462643678160919,0.46774193548387094,0.9046434494195689,0.09535655058043117,0.532258064516129
159,Exp. Grad. EO,5,Other,13261,0.16047055274866148,0.7951888997813136,0.4114457831325301,0.9233477517352379,0.0766522482647621,0.5885542168674699
186,Exp. Grad. EO,6,Black,1400,0.13785714285714284,0.855,0.4691358024691358,0.9054927302100162,0.09450726978998385,0.5308641975308642
187,Exp. Grad. EO,6,Other,13253,0.164943786312533,0.7902361729419755,0.41118421052631576,0.9181552124331416,0.08184478756685841,0.5888157894736842
214,Exp. Grad. EO,7,Black,1368,0.13523391812865498,0.8421052631578947,0.40372670807453415,0.9005799502899752,0.09942004971002485,0.5962732919254659
215,Exp. Grad. EO,7,Other,13285,0.17538577342867895,0.8045163718479488,0.4600896860986547,0.9204225352112676,0.0795774647887324,0.5399103139013453
242,Exp. Grad. EO,8,Black,1476,0.15040650406504066,0.8313008130081301,0.41818181818181815,0.8832951945080092,0.11670480549199085,0.5818181818181818
243,Exp. Grad. EO,8,Other,13177,0.17181452530925095,0.7982090005312287,0.4408859622867405,0.9195811305408703,0.08041886945912972,0.5591140377132595
270,Exp. Grad. EO,9,Black,1399,0.15725518227305219,0.8484631879914224,0.5238095238095238,0.892770105605199,0.10722989439480098,0.47619047619047616
271,Exp. Grad. EO,9,Other,13254,0.1588199788743021,0.7969669533725667,0.4122228879568604,0.9264824526018556,0.07351754739814441,0.5877771120431396
12,Grid Search DP,0,Black,1368,0.12646198830409358,0.8516081871345029,0.4074074074074074,0.9112769485903814,0.08872305140961857,0.5925925925925926
13,Grid Search DP,0,Other,13285,0.1840421528039142,0.8243884079789235,0.5167464114832536,0.9278744593099286,0.07212554069007142,0.48325358851674644
40,Grid Search DP,1,Black,1412,0.11756373937677053,0.8689801699716714,0.4409937888198758,0.9240607513988809,0.0759392486011191,0.5590062111801242
41,Grid Search DP,1,Other,13241,0.18352088210860207,0.8256174004984518,0.5180866965620329,0.9295675020210186,0.0704324979789814,0.4819133034379671
68,Grid Search DP,2,Black,1400,0.115,0.8771428571428571,0.4645161290322581,0.9285140562248996,0.0714859437751004,0.535483870967742
69,Grid Search DP,2,Other,13253,0.18448653135139215,0.821927110842828,0.5126827812593255,0.9265804887901434,0.0734195112098566,0.4873172187406744
96,Grid Search DP,3,Black,1397,0.11667859699355762,0.8690050107372942,0.4418604651162791,0.9289795918367347,0.07102040816326531,0.5581395348837209
97,Grid Search DP,3,Other,13256,0.17991852745926373,0.8215902232951117,0.502999400119976,0.9286434186655916,0.07135658133440839,0.497000599880024
124,Grid Search DP,4,Black,1408,0.11647727272727272,0.8657670454545454,0.42857142857142855,0.9278183292781833,0.07218167072181671,0.5714285714285714
125,Grid Search DP,4,Other,13245,0.18595696489241223,0.8263495658739147,0.5244671269888922,0.9277788985273351,0.07222110147266492,0.47553287301110775
152,Grid Search DP,5,Black,1392,0.15660919540229884,0.8218390804597702,0.41935483870967744,0.8839137645107794,0.11608623548922056,0.5806451612903226
153,Grid Search DP,5,Other,13261,0.13030691501395067,0.7884020812910036,0.33765060240963857,0.9389397444925058,0.061060255507494214,0.6623493975903615
180,Grid Search DP,6,Black,1400,0.10928571428571429,0.8807142857142857,0.4567901234567901,0.9361873990306947,0.06381260096930533,0.5432098765432098
181,Grid Search DP,6,Other,13253,0.18282652984229986,0.816117105561005,0.4979066985645933,0.9235038853567464,0.07649611464325361,0.5020933014354066
208,Grid Search DP,7,Black,1368,0.10526315789473684,0.8603801169590644,0.35403726708074534,0.927920463960232,0.07207953603976802,0.6459627329192547
209,Grid Search DP,7,Other,13285,0.19104252916823486,0.8215280391418893,0.5249626307922272,0.921327967806841,0.07867203219315895,0.4750373692077728
236,Grid Search DP,8,Black,1476,0.11653116531165311,0.8651761517615176,0.41818181818181815,0.9214340198321892,0.07856598016781083,0.5818181818181818
237,Grid Search DP,8,Other,13177,0.19101464673294377,0.8225696288988389,0.5267883867105657,0.923037820252135,0.07696217974786498,0.4732116132894343
264,Grid Search DP,9,Black,1399,0.1272337383845604,0.8699070764832023,0.4880952380952381,0.9220146222583265,0.07798537774167344,0.5119047619047619
265,Grid Search DP,9,Other,13254,0.1850007544892108,0.8232986268296363,0.5164769322947873,0.9265832997176281,0.07341670028237192,0.4835230677052127
14,Grid Search EO,0,Black,1368,0.13304093567251463,0.8728070175438597,0.5246913580246914,0.9195688225538972,0.08043117744610281,0.47530864197530864
15,Grid Search EO,0,Other,13285,0.2076025592773805,0.8146782085058336,0.5442583732057417,0.9056432954431144,0.09435670455688562,0.4557416267942584
42,Grid Search EO,1,Black,1412,0.11756373937677053,0.8817280453257791,0.4968944099378882,0.9312549960031974,0.06874500399680256,0.5031055900621118
43,Grid Search EO,1,Other,13241,0.2107846839362586,0.8114946001057322,0.5440956651718983,0.9018795472918351,0.09812045270816491,0.45590433482810166
70,Grid Search EO,2,Black,1400,0.11357142857142857,0.8957142857142857,0.5419354838709678,0.9397590361445783,0.060240963855421686,0.45806451612903226
71,Grid Search EO,2,Other,13253,0.206670187881989,0.8124198294725723,0.5377499253954043,0.9053726519894971,0.09462734801050293,0.46225007460459566
98,Grid Search EO,3,Black,1397,0.12956335003579098,0.8747315676449535,0.5174418604651163,0.9248979591836735,0.07510204081632653,0.48255813953488375
99,Grid Search EO,3,Other,13256,0.20345503922751962,0.8104254677127338,0.5275944811037793,0.9054626083450917,0.09453739165490828,0.47240551889622073
126,Grid Search EO,4,Black,1408,0.11860795454545454,0.8565340909090909,0.4,0.9213300892133008,0.0786699107866991,0.6
127,Grid Search EO,4,Other,13245,0.16987542468856173,0.8173650434126085,0.47463224256979886,0.9325196691547307,0.06748033084526932,0.5253677574302011
154,Grid Search EO,5,Black,1392,0.09195402298850575,0.8922413793103449,0.44086021505376344,0.9618573797678275,0.03814262023217247,0.5591397849462365
155,Grid Search EO,5,Other,13261,0.20812910036950455,0.8265590830254128,0.5692771084337349,0.9124836535559803,0.08751634644401972,0.4307228915662651
182,Grid Search EO,6,Black,1400,0.11214285714285714,0.895,0.5308641975308642,0.9426494345718901,0.05735056542810985,0.4691358024691358
183,Grid Search EO,6,Other,13253,0.2056138232852939,0.8052516411378556,0.5215311004784688,0.9009990917347865,0.09900090826521345,0.4784688995215311
210,Grid Search EO,7,Black,1368,0.1111111111111111,0.8866959064327485,0.4906832298136646,0.9395194697597349,0.06048053024026512,0.5093167701863354
211,Grid Search EO,7,Other,13285,0.2117425668046669,0.8127211140383892,0.5485799701046338,0.9016096579476861,0.09839034205231388,0.4514200298953662
238,Grid Search EO,8,Black,1476,0.12804878048780488,0.8699186991869918,0.4909090909090909,0.9176201372997712,0.08237986270022883,0.509090909090909
239,Grid Search EO,8,Other,13177,0.21309858086059041,0.8149047582909615,0.5552229871296019,0.9031110207401383,0.09688897925986173,0.44477701287039806
266,Grid Search EO,9,Black,1399,0.12866333095067906,0.8956397426733381,0.6011904761904762,0.9358245329000813,0.06417546709991877,0.39880952380952384
267,Grid Search EO,9,Other,13254,0.20967255168251095,0.8162818771691565,0.5515278609946076,0.9054054054054054,0.0945945945945946,0.44847213900539246
2,Massaging,0,Black,1368,0.2097953216374269,0.8589181286549707,0.7901234567901234,0.8681592039800995,0.1318407960199005,0.20987654320987653
3,Massaging,0,Other,13285,0.20391418893488897,0.8277004140007528,0.562799043062201,0.9168091741273514,0.08319082587264863,0.43720095693779903
30,Massaging,1,Black,1412,0.19192634560906516,0.8668555240793201,0.7577639751552795,0.8808952837729817,0.11910471622701839,0.2422360248447205
31,Massaging,1,Other,13241,0.20157087833245224,0.8290159353523148,0.5605381165919282,0.9197655618431689,0.08023443815683104,0.43946188340807174
58,Massaging,2,Black,1400,0.185,0.8771428571428571,0.7806451612903226,0.8891566265060241,0.1108433734939759,0.21935483870967742
59,Massaging,2,Other,13253,0.20244472949520864,0.8260016600015091,0.5562518651148911,0.9172894364774793,0.08271056352252071,0.44374813488510895
86,Massaging,3,Black,1397,0.21617752326413744,0.8625626342161775,0.8197674418604651,0.8685714285714285,0.13142857142857142,0.18023255813953487
87,Massaging,3,Other,13256,0.19855159927579963,0.8230235365117683,0.5428914217156569,0.9171537996371699,0.08284620036283008,0.45710857828434315
114,Massaging,4,Black,1408,0.21946022727272727,0.8565340909090909,0.8057142857142857,0.8637469586374696,0.1362530413625304,0.19428571428571428
115,Massaging,4,Other,13245,0.20588901472253682,0.8314835787089467,0.5743020114079855,0.9178938874319145,0.08210611256808553,0.4256979885920144
142,Massaging,5,Black,1392,0.22988505747126436,0.8491379310344828,0.7956989247311828,0.857379767827529,0.14262023217247097,0.20430107526881722
143,Massaging,5,Other,13261,0.19938164542643844,0.8264082648367393,0.5515060240963855,0.9182174831505885,0.08178251684941153,0.44849397590361445
170,Massaging,6,Black,1400,0.19642857142857142,0.8678571428571429,0.7777777777777778,0.8796445880452343,0.12035541195476575,0.2222222222222222
171,Massaging,6,Other,13253,0.20138836489851356,0.8217007470006791,0.5457535885167464,0.9148249066505197,0.08517509334948027,0.45424641148325356
198,Massaging,7,Black,1368,0.19371345029239767,0.8669590643274854,0.7577639751552795,0.8815244407622204,0.11847555923777962,0.2422360248447205
199,Massaging,7,Other,13285,0.20940910801656004,0.8258938652615732,0.5701046337817638,0.9119718309859155,0.0880281690140845,0.42989536621823615
226,Massaging,8,Black,1476,0.19986449864498645,0.8495934959349594,0.7212121212121212,0.8657513348588863,0.13424866514111367,0.2787878787878788
227,Massaging,8,Other,13177,0.20953175988464748,0.8272747969947636,0.5725830589643819,0.9137860919072793,0.08621390809272061,0.42741694103561806
254,Massaging,9,Black,1399,0.20228734810578985,0.873481057898499,0.8154761904761905,0.8813972380178716,0.11860276198212835,0.18452380952380953
255,Massaging,9,Other,13254,0.2032593933906745,0.8266183793571752,0.5593169562612342,0.9165994352561517,0.08340056474384833,0.4406830437387657
4,Pref. Sampling,0,Black,1368,0.2054093567251462,0.8633040935672515,0.7901234567901234,0.8731343283582089,0.12686567164179105,0.20987654320987653
5,Pref. Sampling,0,Other,13285,0.125705683101242,0.8158825743319533,0.3839712918660287,0.96117090835932,0.03882909164068001,0.6160287081339713
32,Pref. Sampling,1,Black,1412,0.18767705382436262,0.8668555240793201,0.7391304347826086,0.8832933653077538,0.11670663469224621,0.2608695652173913
33,Pref. Sampling,1,Other,13241,0.12567026659617853,0.8159504569141304,0.38445440956651716,0.961802748585287,0.038197251414713015,0.6155455904334828
60,Pref. Sampling,2,Black,1400,0.18571428571428572,0.8764285714285714,0.7806451612903226,0.8883534136546185,0.11164658634538152,0.21935483870967742
61,Pref. Sampling,2,Other,13253,0.12955557232324758,0.8158907417188561,0.39212175470008953,0.9593011512825692,0.04069884871743082,0.6078782452999105
88,Pref. Sampling,3,Black,1397,0.21045096635647817,0.8668575518969219,0.813953488372093,0.8742857142857143,0.12571428571428572,0.18604651162790697
89,Pref. Sampling,3,Other,13256,0.12311406155703078,0.8153289076644539,0.377624475104979,0.9624067728280589,0.03759322717194114,0.622375524895021
116,Pref. Sampling,4,Black,1408,0.21448863636363635,0.8615056818181818,0.8057142857142857,0.8694241686942417,0.1305758313057583,0.19428571428571428
117,Pref. Sampling,4,Other,13245,0.12533031332578332,0.8173650434126085,0.3860702491744221,0.9622755699011499,0.03772443009885011,0.6139297508255779
144,Pref. Sampling,5,Black,1392,0.22844827586206898,0.8505747126436781,0.7956989247311828,0.8590381426202321,0.14096185737976782,0.20430107526881722
145,Pref. Sampling,5,Other,13261,0.12736596033481637,0.8184903099313777,0.3918674698795181,0.9609697213560005,0.0390302786439996,0.608132530120482
172,Pref. Sampling,6,Black,1400,0.19785714285714287,0.8664285714285714,0.7777777777777778,0.8780290791599353,0.12197092084006463,0.2222222222222222
173,Pref. Sampling,6,Other,13253,0.12404738549762317,0.8112125556477778,0.3717105263157895,0.9595317388232919,0.04046826117670804,0.6282894736842105
200,Pref. Sampling,7,Black,1368,0.19005847953216373,0.8691520467836257,0.7515527950310559,0.8848384424192212,0.11516155758077878,0.2484472049689441
201,Pref. Sampling,7,Other,13285,0.13240496800903273,0.8158825743319533,0.39730941704035877,0.9567404426559356,0.043259557344064385,0.6026905829596413
228,Pref. Sampling,8,Black,1476,0.1951219512195122,0.8516260162601627,0.7090909090909091,0.8695652173913043,0.13043478260869565,0.2909090909090909
229,Pref. Sampling,8,Other,13177,0.13250360476587994,0.8171814525309251,0.40077821011673154,0.9586213908092721,0.04137860919072794,0.5992217898832685
256,Pref. Sampling,9,Black,1399,0.20014295925661185,0.875625446747677,0.8154761904761905,0.8838342810722989,0.11616571892770106,0.18452380952380953
257,Pref. Sampling,9,Other,13254,0.12449071978270711,0.8143956541421458,0.3786698621929299,0.9610730133118193,0.03892698668818072,0.6213301378070701
6,Reweighing,0,Black,1368,0.13523391812865498,0.8940058479532164,0.6234567901234568,0.9303482587064676,0.06965174129353234,0.3765432098765432
7,Reweighing,0,Other,13285,0.1939028980052691,0.8267218667670305,0.5409688995215312,0.9228447842269389,0.07715521577306106,0.4590311004784689
34,Reweighing,1,Black,1412,0.11543909348441926,0.8909348441926346,0.5279503105590062,0.9376498800959233,0.06235011990407674,0.4720496894409938
35,Reweighing,1,Other,13241,0.19213050373838833,0.8287893663620572,0.5414050822122571,0.9259296685529507,0.07407033144704932,0.4585949177877429
62,Reweighing,2,Black,1400,0.10785714285714286,0.9142857142857143,0.6,0.9534136546184739,0.046586345381526104,0.4
63,Reweighing,2,Other,13253,0.19173017430015846,0.8232852938957217,0.5296926290659505,0.9226418905271663,0.07735810947283377,0.47030737093404956
90,Reweighing,3,Black,1397,0.13600572655690765,0.8969219756621332,0.6337209302325582,0.9338775510204081,0.06612244897959184,0.36627906976744184
91,Reweighing,3,Other,13256,0.187009656004828,0.8230989740494871,0.5200959808038392,0.924914331787946,0.07508566821205402,0.47990401919616077
118,Reweighing,4,Black,1408,0.13920454545454544,0.8899147727272727,0.6171428571428571,0.9286293592862936,0.07137064071370641,0.38285714285714284
119,Reweighing,4,Other,13245,0.19577198942997356,0.8304265760664402,0.5520864605223657,0.9239459350413557,0.07605406495864434,0.44791353947763435
146,Reweighing,5,Black,1392,0.1271551724137931,0.8900862068965517,0.5645161290322581,0.9402985074626866,0.05970149253731343,0.43548387096774194
147,Reweighing,5,Other,13261,0.1892768267853103,0.8256541738933716,0.5298192771084337,0.9244542802534956,0.07554571974650437,0.47018072289156626
174,Reweighing,6,Black,1400,0.11285714285714285,0.9071428571428571,0.5864197530864198,0.9491114701130856,0.05088852988691438,0.41358024691358025
175,Reweighing,6,Other,13253,0.18991926356296687,0.8213989285444805,0.5224282296650717,0.9222928650721566,0.07770713492784337,0.4775717703349282
202,Reweighing,7,Black,1368,0.10453216374269006,0.9005847953216374,0.5217391304347826,0.9511184755592378,0.04888152444076222,0.4782608695652174
203,Reweighing,7,Other,13285,0.19661272111403838,0.8243884079789235,0.5417040358744395,0.9195171026156942,0.08048289738430583,0.45829596412556056
230,Reweighing,8,Black,1476,0.12059620596205962,0.8814363143631436,0.509090909090909,0.9282990083905416,0.07170099160945843,0.4909090909090909
231,Reweighing,8,Other,13177,0.2003490931167944,0.8270471275707673,0.5540257407961688,0.9197844652297682,0.0802155347702318,0.4459742592038312
258,Reweighing,9,Black,1399,0.12437455325232309,0.9070764832022874,0.6309523809523809,0.9447603574329814,0.05523964256701868,0.36904761904761907
259,Reweighing,9,Other,13254,0.19322468688697753,0.8260902369096121,0.5383463151587777,0.9229528035498185,0.07704719645018153,0.46165368484122227
0,Unmitigated-LR,0,Black,1368,0.06871345029239766,0.8918128654970761,0.3333333333333333,0.966832504145937,0.03316749585406302,0.6666666666666666
1,Unmitigated-LR,0,Other,13285,0.20218291305984193,0.8274745954083553,0.5589114832535885,0.9178151091439493,0.0821848908560507,0.4410885167464115
28,Unmitigated-LR,1,Black,1412,0.05736543909348442,0.9065155807365439,0.3416149068322981,0.9792166266986411,0.020783373301358914,0.6583850931677019
29,Unmitigated-LR,1,Other,13241,0.20111774035193716,0.8285627973717997,0.5587443946188341,0.9197655618431689,0.08023443815683104,0.4412556053811659
56,Unmitigated-LR,2,Black,1400,0.060714285714285714,0.9171428571428571,0.4,0.9815261044176706,0.018473895582329317,0.6
57,Unmitigated-LR,2,Other,13253,0.2002565456877688,0.8253225684750622,0.5505819158460161,0.9182993334679863,0.08170066653201373,0.4494180841539839
84,Unmitigated-LR,3,Black,1397,0.06442376521116679,0.9040801717967072,0.37209302325581395,0.9787755102040816,0.02122448979591837,0.627906976744186
85,Unmitigated-LR,3,Other,13256,0.19606216053108028,0.8230989740494871,0.5380923815236952,0.9188671638782504,0.08113283612174965,0.46190761847630474
112,Unmitigated-LR,4,Black,1408,0.07386363636363637,0.8984375,0.38857142857142857,0.9708029197080292,0.029197080291970802,0.6114285714285714
113,Unmitigated-LR,4,Other,13245,0.20415251038127596,0.8306530766326916,0.5691984389072351,0.9184990921928586,0.08150090780714142,0.43080156109276496
140,Unmitigated-LR,5,Black,1392,0.0610632183908046,0.8958333333333334,0.3387096774193548,0.9817578772802653,0.01824212271973466,0.6612903225806451
141,Unmitigated-LR,5,Other,13261,0.19968328180378553,0.8262574466480658,0.5518072289156627,0.9179157026456091,0.0820842973543909,0.44819277108433736
168,Unmitigated-LR,6,Black,1400,0.05714285714285714,0.9085714285714286,0.35185185185185186,0.981421647819063,0.018578352180936994,0.6481481481481481
169,Unmitigated-LR,6,Other,13253,0.19882290802082547,0.8224552931411756,0.5421650717703349,0.917045110505601,0.08295488949439903,0.4578349282296651
196,Unmitigated-LR,7,Black,1368,0.05482456140350877,0.9005847953216374,0.3105590062111801,0.9792874896437448,0.020712510356255178,0.6894409937888198
197,Unmitigated-LR,7,Other,13285,0.2052691004892736,0.8237109522017313,0.5575485799701047,0.9132796780684105,0.08672032193158953,0.44245142002989535
224,Unmitigated-LR,8,Black,1476,0.06300813008130081,0.8997289972899729,0.3333333333333333,0.9710144927536232,0.028985507246376812,0.6666666666666666
225,Unmitigated-LR,8,Other,13177,0.20877286180465962,0.8265158989147757,0.5695899431307991,0.9137860919072793,0.08621390809272061,0.43041005686920086
252,Unmitigated-LR,9,Black,1399,0.07076483202287348,0.906361686919228,0.40476190476190477,0.974817221770918,0.025182778229082048,0.5952380952380952
253,Unmitigated-LR,9,Other,13254,0.20182586389014637,0.8263920325939339,0.5560215698022768,0.9174062121823315,0.08259378781766842,0.4439784301977232
